Date,Actual,Prediction,Residual,Month
2025-11-05,2272,2273.1179742063487,-1.1179742063486628,2025-11
2025-11-04,2270,2271.437718253968,-1.437718253967887,2025-11
2025-11-03,2269,2270.5058730158726,-1.5058730158725666,2025-11
2025-11-02,2277,2275.4119920634917,1.5880079365083475,2025-11
2025-10-30,2287,2284.588511093074,2.4114889069260244,2025-10
2025-10-29,2280,2281.684452380952,-1.684452380951825,2025-10
2025-10-28,2286,2284.696366071429,1.3036339285708891,2025-10
2025-10-27,2282,2281.409511904762,0.5904880952380154,2025-10
2025-10-26,2276,2278.2462343073594,-2.246234307359373,2025-10
2025-10-23,2266,2265.8493690476184,0.15063095238156166,2025-10
2025-10-22,2261,2266.4432499999994,-5.443249999999352,2025-10
2025-10-21,2251,2255.0141666666664,-4.01416666666637,2025-10
2025-10-20,2243,2244.3668333333335,-1.3668333333334886,2025-10
2025-10-19,2237,2238.658648809524,-1.6586488095240384,2025-10
2025-10-16,2233,2234.8959821428575,-1.8959821428575196,2025-10
2025-10-15,2225,2227.6532440476194,-2.6532440476194097,2025-10
2025-10-14,2235,2232.672041666667,2.3279583333328446,2025-10
2025-10-13,2223,2217.8185627289376,5.18143727106235,2025-10
2025-10-09,2192,2204.6839718198476,-12.683971819847557,2025-10
2025-10-08,2192,2194.5800134865144,-2.5800134865144173,2025-10
2025-10-07,2189,2189.777453962704,-0.7774539627039303,2025-10
2025-10-06,2187,2189.30130515318,-2.301305153179783,2025-10
2025-10-05,2180,2181.9412261904763,-1.9412261904763,2025-10
2025-10-02,2164,2173.9180416666663,-9.91804166666634,2025-10
2025-10-01,2163,2164.7375178571424,-1.737517857142393,2025-10
2025-09-30,2159,2160.477648809524,-1.4776488095239984,2025-09
2025-09-29,2148,2150.387113095238,-2.3871130952379644,2025-09
2025-09-28,2146,2144.141696428571,1.8583035714291327,2025-09
2025-09-25,2132,2135.1904265873013,-3.1904265873013173,2025-09
2025-09-24,2138,2141.214712301587,-3.214712301587042,2025-09
2025-09-23,2145,2145.2447718253966,-0.24477182539658315,2025-09
2025-09-22,2141,2141.8120813492064,-0.8120813492064372,2025-09
2025-09-21,2134,2136.186117063492,-2.18611706349202,2025-09
2025-09-18,2096,2106.2535476190474,-10.253547619047367,2025-09
2025-09-17,2096,2097.4371666666666,-1.4371666666665988,2025-09
2025-09-16,2095,2096.590583333333,-1.590583333333143,2025-09
2025-09-15,2086,2089.5606666666667,-3.560666666666748,2025-09
2025-09-14,2083,2085.4428095238095,-2.442809523809501,2025-09
2025-09-11,2047,2061.137809523809,-14.13780952380921,2025-09
2025-09-10,2025,2031.5998452380957,-6.599845238095668,2025-09
2025-09-09,2023,2024.3216785714287,-1.3216785714287198,2025-09
2025-09-08,2025,2023.7673452380957,1.232654761904314,2025-09
2025-09-07,2026,2024.2660952380957,1.7339047619043413,2025-09
2025-09-04,2015,2017.9179166666665,-2.9179166666665424,2025-09
2025-09-03,2019,2019.8329166666672,-0.8329166666671881,2025-09
2025-09-02,2020,2017.5508333333337,2.449166666666315,2025-09
2025-09-01,2010,2011.0792499999998,-1.0792499999997744,2025-09
2025-08-28,1984,1988.275446428572,-4.275446428571968,2025-08
2025-08-27,1988,1987.7370952380952,0.2629047619047924,2025-08
2025-08-26,1989,1987.3789285714288,1.621071428571213,2025-08
2025-08-25,1980,1982.3758869047617,-2.375886904761728,2025-08
2025-08-24,1981,1982.8306250000003,-1.830625000000282,2025-08
2025-08-21,1972,1976.742916666667,-4.742916666667043,2025-08
2025-08-20,1983,1983.1156130952381,-0.11561309523813179,2025-08
2025-08-19,1980,1981.4514464285717,-1.4514464285716713,2025-08
2025-08-18,1985,1985.4911964285714,-0.4911964285713566,2025-08
2025-08-17,1991,1989.4908333333335,1.5091666666664878,2025-08
2025-08-14,1994,1994.395416666667,-0.39541666666696074,2025-08
2025-08-13,1997,1996.5139166666665,0.486083333333454,2025-08
2025-08-12,1999,2001.2081666666666,-2.208166666666557,2025-08
2025-08-11,1999,1998.88525,0.11474999999995816,2025-08
2025-08-10,2006,2003.474,2.5260000000000673,2025-08
2025-08-07,2031,2028.0615,2.9384999999999764,2025-08
2025-08-06,2036,2033.9490000000003,2.0509999999997035,2025-08
2025-08-05,2042,2039.6035000000002,2.3964999999998327,2025-08
2025-08-04,2040,2039.48,0.5199999999999818,2025-08
2025-08-03,2049,2046.1,2.900000000000091,2025-08
2025-07-31,2058,2051.9420833333334,6.057916666666642,2025-07
2025-07-30,2063,2062.595,0.4050000000002001,2025-07
2025-07-29,2072,2067.0891666666666,4.910833333333358,2025-07
2025-07-28,2080,2075.9511428571427,4.048857142857287,2025-07
2025-07-27,2088,2087.522226190476,0.4777738095240238,2025-07
2025-07-24,2096,2093.6525,2.3474999999998545,2025-07
2025-07-23,2111,2105.3664256576753,5.633574342324664,2025-07
2025-07-22,2117,2113.797723276723,3.2022767232770093,2025-07
2025-07-21,2121,2117.122508991009,3.877491008991001,2025-07
2025-07-17,2153,2148.938452380952,4.061547619047815,2025-07
2025-07-16,2164,2159.356851190476,4.643148809524064,2025-07
2025-07-15,2171,2166.3607023809523,4.639297619047738,2025-07
2025-07-14,2181,2173.4038095238093,7.5961904761907135,2025-07
2025-07-13,2204,2196.339488095238,7.660511904762188,2025-07
2025-07-10,2252,2241.5383333333334,10.461666666666588,2025-07
2025-07-09,2281,2275.0831567460314,5.916843253968636,2025-07
2025-07-08,2306,2304.4074875541132,1.5925124458867685,2025-07
2025-07-07,2317,2313.1877142857147,3.812285714285281,2025-07
2025-07-06,2332,2323.039083333333,8.96091666666689,2025-07
2025-07-02,2373,2372.1696666666667,0.8303333333333285,2025-07
2025-07-01,2391,2386.3808452380945,4.61915476190552,2025-07
2025-06-30,2407,2406.415083333333,0.5849166666671408,2025-06
2025-06-29,2413,2413.1607301587296,-0.1607301587296206,2025-06
2025-06-26,2447,2436.338333333333,10.66166666666686,2025-06
2025-06-25,2470,2465.2757500000002,4.724249999999756,2025-06
2025-06-24,2489,2487.446972222222,1.5530277777779702,2025-06
2025-06-23,2495,2495.08483531746,-0.08483531746014705,2025-06
2025-06-22,2508,2505.6885039682543,2.311496031745719,2025-06
2025-06-19,2501,2502.687420634921,-1.6874206349211818,2025-06
2025-06-17,2523,2518.818311507936,4.1816884920640405,2025-06
2025-06-10,2511,2510.474713383838,0.5252866161617931,2025-06
2025-06-09,2516,2514.960766594516,1.039233405484083,2025-06
2025-06-08,2507,2508.1054781746034,-1.1054781746033768,2025-06
2025-06-05,2503,2503.98198015873,-0.981980158730039,2025-06
2025-06-04,2516,2514.670588023088,1.3294119769120698,2025-06
2025-06-03,2519,2517.819802308802,1.1801976911979182,2025-06
2025-06-02,2518,2515.857607864358,2.142392135641785,2025-06
2025-06-01,2528,2525.67189484127,2.328105158730068,2025-06
2025-05-29,2506,2508.0254742063494,-2.0254742063493723,2025-05
2025-05-28,2499,2502.9179653679653,-3.91796536796528,2025-05
2025-05-27,2504,2502.27462012987,1.7253798701299274,2025-05
2025-05-22,2473,2484.302869047619,-11.30286904761897,2025-05
2025-05-21,2467,2480.4792222222222,-13.479222222222234,2025-05
2025-05-19,2457,2464.20125,-7.201250000000073,2025-05
2025-05-18,2437,2452.9157936507936,-15.915793650793603,2025-05
2025-05-15,2410,2413.374686507936,-3.374686507936076,2025-05
2025-05-14,2394,2396.182083333333,-2.1820833333331393,2025-05
2025-05-13,2394,2394.215333333333,-0.21533333333309201,2025-05
2025-05-12,2392,2393.1508452380945,-1.1508452380944618,2025-05
2025-05-11,2385,2387.6319999999996,-2.631999999999607,2025-05
2025-05-08,2361,2363.962261904762,-2.9622619047618173,2025-05
2025-05-07,2335,2337.9625,-2.962500000000091,2025-05
2025-05-06,2339,2337.785,1.2150000000001455,2025-05
2025-05-05,2331,2333.95,-2.949999999999818,2025-05
2025-05-04,2335,2333.97925,1.0207500000001346,2025-05
2025-05-01,2306,2309.861989718615,-3.86198971861495,2025-05
2025-04-30,2309,2307.2379202741704,1.762079725829608,2025-04
2025-04-29,2304,2304.568,-0.568000000000211,2025-04
2025-04-28,2307,2306.3038468614727,0.6961531385272792,2025-04
2025-04-27,2301,2319.466327380953,-18.466327380952862,2025-04
2025-04-24,2294,2288.1935,5.806500000000142,2025-04
2025-04-23,2300,2301.407,-1.4070000000001528,2025-04
2025-04-22,2305,2304.7629595959597,0.23704040404027182,2025-04
2025-04-21,2308,2306.2054163059165,1.7945836940834852,2025-04
2025-04-20,2305,2301.417777777778,3.5822222222218443,2025-04
2025-04-17,2288,2287.000463293651,0.9995367063488629,2025-04
2025-04-16,2291,2294.842932539683,-3.8429325396828062,2025-04
2025-04-15,2286,2302.9816001984127,-16.981600198412707,2025-04
2025-04-14,2282,2282.6108869047616,-0.6108869047616281,2025-04
2025-04-13,2283,2282.998374007937,0.001625992063054582,2025-04
2025-04-11,2267,2268.2138214285715,-1.213821428571464,2025-04
2025-04-10,2265,2263.8992857142857,1.1007142857142753,2025-04
2025-04-09,2251,2249.7068333333336,1.293166666666366,2025-04
2025-04-08,2243,2242.2381904761905,0.7618095238094611,2025-04
2025-04-07,2237,2236.9255654761905,0.07443452380948656,2025-04
2025-04-06,2234,2228.672023809524,5.327976190475965,2025-04
2025-04-03,2223,2223.035226190476,-0.035226190475896146,2025-04
2025-04-02,2208,2205.476428571428,2.523571428571813,2025-04
2025-04-01,2191,2193.857513486514,-2.857513486514108,2025-04
2025-03-31,2193,2191.995596819847,1.0044031801530764,2025-03
2025-03-30,2188,2184.5783825341323,3.421617465867712,2025-03
2025-03-27,2159,2161.9099107142856,-2.9099107142856155,2025-03
2025-03-26,2159,2157.0161011904765,1.9838988095234527,2025-03
2025-03-25,2145,2146.2786904761906,-1.2786904761906044,2025-03
2025-03-24,2139,2133.5162878510373,5.483712148962695,2025-03
2025-03-23,2136,2138.5474384920635,-2.5474384920635202,2025-03
2025-03-20,2124,2121.8930833333325,2.10691666666753,2025-03
2025-03-19,2119,2119.4225109751355,-0.4225109751355376,2025-03
2025-03-18,2109,2112.071095238095,-3.0710952380950403,2025-03
2025-03-17,2111,2112.070236263736,-1.0702362637362057,2025-03
2025-03-16,2117,2116.4039395465647,0.5960604534352569,2025-03
2025-03-13,2116,2116.4238145465647,-0.4238145465646994,2025-03
2025-03-12,2113,2113.031343406593,-0.03134340659289592,2025-03
2025-03-11,2116,2116.0547252608503,-0.05472526085031859,2025-03
2025-03-10,2125,2126.1290833333337,-1.1290833333337105,2025-03
2025-03-09,2137,2136.2920337301584,0.7079662698415632,2025-03
2025-03-06,2218,2199.28075,18.719250000000102,2025-03
2025-03-05,2238,2234.338065476191,3.6619345238091228,2025-03
2025-03-04,2272,2265.727027777778,6.272972222222052,2025-03
2025-03-03,2287,2281.7863581349216,5.2136418650784435,2025-03
2025-03-02,2297,2295.882543650794,1.117456349205895,2025-03
2025-02-27,2391,2389.291488095237,1.7085119047628723,2025-02
2025-02-26,2411,2407.6817301587294,3.3182698412706486,2025-02
2025-02-25,2413,2406.549714285714,6.45028571428611,2025-02
2025-02-24,2413,2416.4228968253965,-3.422896825396492,2025-02
2025-02-23,2423,2419.833988095238,3.1660119047619446,2025-02
2025-02-20,2520,2505.1082397186146,14.89176028138536,2025-02
2025-02-19,2528,2525.902630952381,2.0973690476189404,2025-02
2025-02-18,2536,2532.717190476191,3.282809523809192,2025-02
2025-02-17,2532,2534.8471904761905,-2.8471904761904625,2025-02
2025-02-13,2703,2715.9711904761907,-12.971190476190714,2025-02
2025-02-12,2752,2745.435,6.565000000000055,2025-02
2025-02-11,2799,2774.078333333334,24.92166666666617,2025-02
2025-02-10,2834,2827.035,6.9650000000001455,2025-02
2025-02-09,2878,2896.14,-18.139999999999873,2025-02
2025-02-06,3181,3142.865,38.13500000000022,2025-02
2025-02-05,3290,3267.725,22.27500000000009,2025-02
2025-02-04,3359,3353.585,5.414999999999964,2025-02
2025-02-03,3403,3414.04,-11.039999999999964,2025-02
2025-02-02,3483,3494.54,-11.539999999999964,2025-02
2025-01-30,3923,3922.29,0.7100000000000364,2025-01
2025-01-29,4036,4027.55,8.449999999999818,2025-01
2025-01-28,4096,4077.63,18.36999999999989,2025-01
2025-01-27,4161,4136.165,24.835000000000036,2025-01
2025-01-26,4241,4219.255,21.74499999999989,2025-01
2025-01-23,4621,4598.5,22.5,2025-01
2025-01-22,4717,4695.49,21.51000000000022,2025-01
2025-01-21,4728,4686.295,41.70499999999993,2025-01
2025-01-20,4638,4661.615,-23.61499999999978,2025-01
2025-01-19,4628,4666.07,-38.06999999999971,2025-01
2025-01-16,4881,4856.845,24.154999999999745,2025-01
2025-01-15,4903,4891.995,11.00500000000011,2025-01
2025-01-14,4957,4940.535,16.465000000000146,2025-01
2025-01-13,5019,5012.93,6.069999999999709,2025-01
2025-01-12,5092,5099.55875,-7.5587500000001455,2025-01
2025-01-09,5507,5487.12,19.88000000000011,2025-01
2025-01-08,5605,5603.7,1.300000000000182,2025-01
2025-01-07,5703,5695.208309523809,7.791690476191434,2025-01
2025-01-06,5769,5730.818214285715,38.18178571428507,2025-01
2025-01-05,5882,5826.032011446887,55.96798855311317,2025-01
2025-01-02,6292,6218.47524547593,73.52475452406998,2025-01
2025-01-01,6405,6364.324315476189,40.67568452381056,2025-01
2024-12-30,6454,6435.542065476191,18.457934523808945,2024-12
2024-12-29,6465,6456.7298511904755,8.270148809524471,2024-12
2024-12-26,6707,6671.671333333333,35.32866666666723,2024-12
2024-12-25,6689,6675.765205627706,13.234794372294346,2024-12
2024-12-24,6622,6621.7956024531,0.20439754689959955,2024-12
2024-12-23,6548,6576.740444444444,-28.74044444444371,2024-12
2024-12-22,6595,6604.838281024529,-9.838281024529351,2024-12
2024-12-19,6600,6647.053626984125,-47.053626984125,2024-12
2024-12-18,6598,6610.973828643577,-12.97382864357678,2024-12
2024-12-17,6506,6549.46980952381,-43.46980952381,2024-12
2024-12-16,6454,6445.570595238097,8.429404761903243,2024-12
2024-12-15,6408,6410.173607142855,-2.173607142854962,2024-12
2024-12-12,6481,6451.793476190477,29.206523809522878,2024-12
2024-12-11,6402,6438.101523809524,-36.101523809524224,2024-12
2024-12-10,6310,6344.843904761905,-34.84390476190492,2024-12
2024-12-09,6268,6285.290374999999,-17.290374999998676,2024-12
2024-12-08,6286,6280.907319444446,5.09268055555367,2024-12
2024-12-05,6310,6312.110821428575,-2.1108214285750364,2024-12
2024-12-04,6269,6279.62560714286,-10.625607142859735,2024-12
2024-12-03,6192,6187.982281746034,4.01771825396645,2024-12
2024-12-02,6061,6090.1914642718375,-29.191464271837503,2024-12
2024-12-01,5986,6005.412146806797,-19.412146806796954,2024-12
2024-11-28,5963,5979.222012867641,-16.222012867640842,2024-11
2024-11-27,5862,5906.35767330642,-44.35767330642011,2024-11
2024-11-26,5826,5851.464524942934,-25.464524942934077,2024-11
2024-11-25,5715,5752.978845238094,-37.978845238094436,2024-11
2024-11-24,5664,5699.45804229104,-35.45804229104033,2024-11
2024-11-21,5850,5834.203156329781,15.79684367021855,2024-11
2024-11-20,5879,5876.409499128065,2.590500871934637,2024-11
2024-11-19,5844,5839.176873501498,4.823126498501551,2024-11
2024-11-18,5819,5825.612184287935,-6.612184287934724,2024-11
2024-11-17,5816,5822.352320831946,-6.35232083194569,2024-11
2024-11-14,6025,6019.654135527242,5.345864472757967,2024-11
2024-11-13,5966,5972.181217423215,-6.181217423214548,2024-11
2024-11-12,5975,5972.524309495792,2.475690504207705,2024-11
2024-11-11,5963,5938.831417470109,24.168582529890955,2024-11
2024-11-07,6084,6078.8892173374015,5.110782662598467,2024-11
2024-11-06,6086,6070.767600204534,15.232399795466335,2024-11
2024-11-05,6045,6042.277646575345,2.7223534246550116,2024-11
2024-11-04,6007,5994.354541398389,12.645458601610699,2024-11
2024-11-03,5990,5985.427013375538,4.572986624461919,2024-11
2024-10-31,6148,6153.704320998447,-5.704320998446747,2024-10
2024-10-30,6149,6151.450057539684,-2.450057539684167,2024-10
2024-10-29,6106,6107.236657190032,-1.2366571900320196,2024-10
2024-10-28,6008,6014.6819061903225,-6.681906190322479,2024-10
2024-10-27,5974,5992.857205900483,-18.857205900482768,2024-10
2024-10-23,6077,6091.842063269246,-14.842063269245955,2024-10
2024-10-22,6043,6036.09952766933,6.9004723306698,2024-10
2024-10-21,5966,5960.284441627781,5.715558372218766,2024-10
2024-10-20,5918,5938.084935833998,-20.084935833998316,2024-10
2024-10-17,6076,6073.79589038739,2.2041096126104094,2024-10
2024-10-16,6036,6039.132670086147,-3.1326700861473,2024-10
2024-10-15,6013,5995.360186448146,17.639813551853877,2024-10
2024-10-14,5935,5942.322097294162,-7.322097294161722,2024-10
2024-10-13,5889,5908.352380947512,-19.352380947511847,2024-10
2024-10-10,6075,6037.163100708713,37.83689929128741,2024-10
2024-10-09,6047,6043.830596896438,3.1694031035622174,2024-10
2024-10-08,6013,6008.649238964489,4.350761035510914,2024-10
2024-10-07,5968,5969.570181006927,-1.5701810069267594,2024-10
2024-10-03,6118,6094.939115383797,23.06088461620311,2024-10
2024-10-02,6091,6074.448563313426,16.551436686573652,2024-10
2024-10-01,6040,6046.975800039526,-6.975800039525893,2024-10
2024-09-30,5967,5984.870952203759,-17.87095220375886,2024-09
2024-09-29,5925,5935.86811690346,-10.86811690345985,2024-09
2024-09-26,6090,6080.028104922038,9.971895077961562,2024-09
2024-09-25,6050,6045.88828885545,4.1117111445501,2024-09
2024-09-24,6023,6026.70737086634,-3.7073708663401703,2024-09
2024-09-23,6002,5991.833360461422,10.166639538578238,2024-09
2024-09-22,5989,5976.297741236457,12.702258763542886,2024-09
2024-09-19,6270,6268.5415416666665,1.4584583333335104,2024-09
2024-09-18,6245,6227.223401695527,17.776598304472827,2024-09
2024-09-17,6227,6237.715892010768,-10.715892010767675,2024-09
2024-09-16,6229,6224.653918706293,4.346081293707357,2024-09
2024-09-15,6234,6238.933998071371,-4.933998071371207,2024-09
2024-09-13,6326,6306.442593253969,19.55740674603112,2024-09
2024-09-12,6360,6371.30369047619,-11.30369047619024,2024-09
2024-09-11,6410,6409.971805555555,0.028194444445034605,2024-09
2024-09-10,6396,6404.678892857142,-8.678892857142273,2024-09
2024-09-09,6353,6363.903750000001,-10.90375000000131,2024-09
2024-09-08,6312,6304.657128968258,7.342871031742106,2024-09
2024-09-05,6448,6426.261126984131,21.738873015869103,2024-09
2024-09-04,6375,6393.099035714287,-18.09903571428731,2024-09
2024-09-03,6272,6286.0041071428595,-14.004107142859539,2024-09
2024-09-02,6192,6213.543359126984,-21.543359126983887,2024-09
2024-08-29,6250,6253.818890873017,-3.8188908730171534,2024-08
2024-08-28,6227,6238.848927558553,-11.848927558553441,2024-08
2024-08-27,6152,6156.477362012986,-4.477362012986305,2024-08
2024-08-22,6054,6063.288191751165,-9.288191751164959,2024-08
2024-08-21,6028,6029.980373071653,-1.980373071653048,2024-08
2024-08-20,5995,6005.398926177622,-10.398926177622343,2024-08
2024-08-19,5865,5889.204734317072,-24.204734317071598,2024-08
2024-08-18,5821,5823.893708638584,-2.8937086385840303,2024-08
2024-08-15,5895,5914.616658220113,-19.616658220113095,2024-08
2024-08-14,5987,5969.960959035967,17.03904096403312,2024-08
2024-08-13,5981,5971.038625179586,9.961374820413766,2024-08
2024-08-12,5903,5913.361093010688,-10.36109301068791,2024-08
2024-08-11,5894,5907.178733658564,-13.178733658563942,2024-08
2024-08-08,6084,6077.722069970877,6.277930029123127,2024-08
2024-08-07,6038,6041.5723577448925,-3.5723577448925425,2024-08
2024-08-06,5998,6009.248359278901,-11.248359278901262,2024-08
2024-08-05,5950,5959.218911323272,-9.21891132327164,2024-08
2024-08-04,5943,5945.19753479996,-2.1975347999596124,2024-08
2024-08-01,6016,6032.258535506159,-16.258535506159205,2024-08
2024-07-31,5963,5970.315985622188,-7.3159856221882364,2024-07
2024-07-30,5930,5942.035562220118,-12.035562220117754,2024-07
2024-07-29,5819,5808.297367368743,10.702632631257075,2024-07
2024-07-28,5743,5759.930259462762,-16.93025946276157,2024-07
2024-07-25,5954,5959.809598148339,-5.809598148339319,2024-07
2024-07-24,5927,5949.026986957389,-22.026986957389454,2024-07
2024-07-23,5965,5968.682537335095,-3.682537335094821,2024-07
2024-07-22,6002,5979.061403345679,22.938596654321373,2024-07
2024-07-21,6058,6041.896302513661,16.103697486339115,2024-07
2024-07-17,6228,6228.614790820288,-0.6147908202883627,2024-07
2024-07-16,6239,6248.009105214231,-9.009105214230658,2024-07
2024-07-15,6283,6277.955903305032,5.044096694968175,2024-07
2024-07-14,6308,6311.208363997115,-3.208363997115157,2024-07
2024-07-11,6640,6632.180505411256,7.819494588744419,2024-07
2024-07-10,6649,6637.905864538239,11.094135461760743,2024-07
2024-07-09,6651,6643.242265331891,7.757734668109151,2024-07
2024-07-08,6617,6624.482017316017,-7.482017316016936,2024-07
2024-07-07,6599,6555.561765151513,43.4382348484869,2024-07
2024-07-04,6790,6753.971333333334,36.02866666666614,2024-07
2024-07-02,6823,6809.366815476191,13.633184523809177,2024-07
2024-07-01,6825,6828.857083333333,-3.857083333333321,2024-07
2024-06-30,6874,6862.518317307692,11.481682692307913,2024-06
2024-06-27,7248,7192.7499626623385,55.250037337661524,2024-06
2024-06-26,7268,7254.912942821072,13.087057178928262,2024-06
2024-06-25,7239,7242.32927218615,-3.329272186149865,2024-06
2024-06-24,7239,7201.381847582972,37.618152417027886,2024-06
2024-06-23,7247,7248.346149732623,-1.3461497326234166,2024-06
2024-06-20,7431,7399.9768896867035,31.023110313296456,2024-06
2024-06-19,7433,7427.651815746753,5.348184253247382,2024-06
2024-06-18,7340,7343.548253586693,-3.5482535866931357,2024-06
2024-06-17,7318,7325.531681589654,-7.531681589653999,2024-06
2024-06-16,7307,7328.978639860144,-21.97863986014363,2024-06
2024-06-13,7544,7535.291478958533,8.708521041467066,2024-06
2024-06-12,7548,7544.583999088401,3.41600091159944,2024-06
2024-06-11,7493,7503.953072503883,-10.95307250388305,2024-06
2024-06-10,7439,7450.875631511544,-11.87563151154427,2024-06
2024-06-09,7451,7451.199392514431,-0.19939251443065586,2024-06
2024-06-06,7741,7746.803210678212,-5.803210678212054,2024-06
2024-06-05,7691,7719.313919191918,-28.313919191918103,2024-06
2024-06-04,7565,7558.762687985249,6.237312014751296,2024-06
2024-06-03,7596,7573.938895454255,22.061104545745366,2024-06
2024-06-02,7546,7564.266378135379,-18.266378135378545,2024-06
2024-05-30,7563,7558.497718267468,4.502281732531628,2024-05
2024-05-29,7491,7508.538244283496,-17.53824428349617,2024-05
2024-05-28,7418,7434.267836958877,-16.267836958876615,2024-05
2024-05-27,7365,7367.724036286921,-2.7240362869206365,2024-05
2024-05-23,7494,7478.043152691752,15.956847308248143,2024-05
2024-05-22,7474,7499.402449127741,-25.40244912774142,2024-05
2024-05-21,7404,7419.641174981964,-15.641174981963559,2024-05
2024-05-20,7368,7359.576046890614,8.423953109386275,2024-05
2024-05-19,7356,7364.415174159584,-8.41517415958424,2024-05
2024-05-16,7565,7555.533593912656,9.466406087343785,2024-05
2024-05-15,7589,7573.925968301341,15.074031698659383,2024-05
2024-05-14,7546,7548.657217767967,-2.6572177679672677,2024-05
2024-05-13,7499,7501.310538847265,-2.3105388472649793,2024-05
2024-05-12,7464,7454.967411994948,9.032588005052276,2024-05
2024-05-09,7570,7564.116683538308,5.88331646169172,2024-05
2024-05-08,7583,7564.785821911778,18.21417808822207,2024-05
2024-05-07,7566,7547.109573974997,18.890426025002853,2024-05
2024-05-06,7449,7478.487440181675,-29.487440181675083,2024-05
2024-05-05,7447,7466.830292947331,-19.830292947331145,2024-05
2024-05-02,7577,7612.686467132616,-35.68646713261569,2024-05
2024-05-01,7508,7525.997376221075,-17.997376221074774,2024-05
2024-04-30,7431,7458.41877287296,-27.41877287296029,2024-04
2024-04-29,7373,7370.540824161546,2.45917583845403,2024-04
2024-04-28,7298,7326.874135815577,-28.874135815576665,2024-04
2024-04-25,7209,7263.314665709293,-54.31466570929297,2024-04
2024-04-24,7128,7178.075346653346,-50.07534665334606,2024-04
2024-04-23,6967,7010.771642156861,-43.77164215686116,2024-04
2024-04-22,6799,6866.003000000001,-67.00300000000061,2024-04
2024-04-21,6745,6785.84125,-40.8412500000004,2024-04
2024-04-18,6728,6737.563375000001,-9.563375000000633,2024-04
2024-04-17,6725,6743.580666666668,-18.58066666666764,2024-04
2024-04-16,6685,6716.522857142858,-31.5228571428579,2024-04
2024-04-15,6681,6671.271732142857,9.728267857142782,2024-04
2024-04-14,6630,6633.024890331888,-3.0248903318879456,2024-04
2024-04-11,6912,6909.564178571429,2.4358214285712165,2024-04
2024-04-10,6999,6985.780239926742,13.21976007325793,2024-04
2024-04-09,7043,7026.596505952382,16.40349404761764,2024-04
2024-04-08,6988,6995.162942307693,-7.1629423076929015,2024-04
2024-04-07,6982,6981.995204212452,0.0047957875476640766,2024-04
2024-04-04,7317,7283.3654530330805,33.634546966919515,2024-04
2024-04-03,7346,7336.231817585192,9.768182414807598,2024-04
2024-04-02,7340,7327.938545204797,12.061454795202735,2024-04
2024-04-01,7271,7271.831675526275,-0.8316755262749211,2024-04
2024-03-31,7257,7272.53409559885,-15.5340955988504,2024-03
2024-03-28,7762,7760.3364416971945,1.6635583028055407,2024-03
2024-03-27,7893,7901.830276830109,-8.830276830109142,2024-03
2024-03-26,7919,7930.782146302766,-11.782146302765796,2024-03
2024-03-25,7899,7899.5723013472625,-0.5723013472625098,2024-03
2024-03-24,7899,7903.8518082847695,-4.851808284769504,2024-03
2024-03-21,8292,8287.938738095238,4.061261904762432,2024-03
2024-03-20,8365,8345.70940800866,19.29059199133917,2024-03
2024-03-19,8390,8372.474396103898,17.52560389610153,2024-03
2024-03-18,8333,8336.913308982685,-3.9133089826846117,2024-03
2024-03-17,8373,8358.824753246754,14.175246753246029,2024-03
2024-03-14,8695,8677.387021645023,17.612978354976804,2024-03
2024-03-13,8819,8793.096276515154,25.903723484845614,2024-03
2024-03-12,8843,8804.489810606061,38.51018939393907,2024-03
2024-03-11,8757,8758.869514360638,-1.8695143606382771,2024-03
2024-03-10,8714,8729.977665417915,-15.977665417914977,2024-03
2024-03-07,8902,8901.873678571428,0.1263214285718277,2024-03
2024-03-06,8870,8890.655773809523,-20.655773809523453,2024-03
2024-03-05,8800,8811.60375,-11.603750000000218,2024-03
2024-03-04,8660,8690.37648297536,-30.376482975359977,2024-03
2024-03-03,8594,8632.088125000002,-38.08812500000204,2024-03
2024-02-29,8724,8708.356183732936,15.643816267063812,2024-02
2024-02-28,8699,8717.975437687313,-18.975437687313388,2024-02
2024-02-27,8650,8664.40412932901,-14.404129329010175,2024-02
2024-02-26,8404,8442.466976190477,-38.466976190477,2024-02
2024-02-25,8404,8465.14948015873,-61.14948015873051,2024-02
2024-02-22,8607,8601.279932539685,5.720067460315477,2024-02
2024-02-21,8573,8582.788940476194,-9.788940476193602,2024-02
2024-02-20,8488,8506.959375000002,-18.959375000002183,2024-02
2024-02-19,8380,8404.957708333333,-24.957708333333358,2024-02
2024-02-15,8463,8511.428326923078,-48.4283269230782,2024-02
2024-02-14,8512,8496.43493452381,15.565065476190284,2024-02
2024-02-13,8348,8384.706997294372,-36.70699729437183,2024-02
2024-02-12,8092,8137.459462468085,-45.459462468084894,2024-02
2024-02-11,8056,8104.971886655009,-48.97188665500926,2024-02
2024-02-08,8188,8217.428413751453,-29.428413751453263,2024-02
2024-02-07,8160,8178.068419703832,-18.06841970383175,2024-02
2024-02-06,8045,8079.449103299476,-34.44910329947561,2024-02
2024-02-05,7872,7917.446704824714,-45.44670482471429,2024-02
2024-02-04,7813,7876.7785765068265,-63.77857650682654,2024-02
2024-02-01,8026,8066.197308053058,-40.197308053057895,2024-02
2024-01-31,8153,8183.378491728044,-30.378491728043628,2024-01
2024-01-30,8182,8169.949787391703,12.050212608297443,2024-01
2024-01-29,8057,8028.534096257907,28.46590374209336,2024-01
2024-01-28,8004,8006.1401530760895,-2.1401530760895184,2024-01
2024-01-25,8180,8171.631965222042,8.3680347779582,2024-01
2024-01-24,8212,8185.4514126414515,26.548587358548502,2024-01
2024-01-23,8133,8134.203150748761,-1.2031507487608906,2024-01
2024-01-22,8008,8017.523008415195,-9.523008415195363,2024-01
2024-01-21,7974,7973.291575661054,0.7084243389463154,2024-01
2024-01-18,8042,8030.1945722680075,11.805427731992495,2024-01
2024-01-17,8072,8051.820706658127,20.179293341872835,2024-01
2024-01-16,8133,8092.013405022264,40.98659497773588,2024-01
2024-01-15,8033,7988.563992553499,44.43600744650121,2024-01
2024-01-11,8829,8730.171038461538,98.82896153846195,2024-01
2024-01-10,9144,9037.589833333333,106.41016666666656,2024-01
2024-01-09,9311,9309.005,1.9950000000008004,2024-01
2024-01-08,9670,9608.807984126983,61.192015873017226,2024-01
2024-01-07,9670,9649.85303174603,20.146968253970044,2024-01
2024-01-04,10558,10512.705,45.29500000000007,2024-01
2024-01-03,10718,10731.722928571431,-13.722928571431112,2024-01
2024-01-02,10770,10760.058535714286,9.941464285713664,2024-01
2024-01-01,10870,10856.223204545453,13.776795454547027,2024-01
2023-12-28,11230,11202.163416666666,27.836583333333692,2023-12
2023-12-27,11206,11185.234250000001,20.76574999999866,2023-12
2023-12-26,11217,11194.042000000001,22.95799999999872,2023-12
2023-12-25,11144,11161.655750000002,-17.655750000001717,2023-12
2023-12-21,11375,11320.955690476192,54.0443095238079,2023-12
2023-12-20,11516,11425.621000000001,90.378999999999,2023-12
2023-12-19,11291,11267.596000000001,23.403999999998632,2023-12
2023-12-18,11149,11161.0555,-12.055500000000393,2023-12
2023-12-17,11092,11111.697357142857,-19.697357142857072,2023-12
2023-12-14,11242,11197.457714285716,44.542285714283935,2023-12
2023-12-13,11192,11169.421,22.578999999999724,2023-12
2023-12-12,11077,11093.17682142857,-16.176821428569383,2023-12
2023-12-11,10998,10964.3675,33.63249999999971,2023-12
2023-12-10,10871,10875.971079545454,-4.971079545453904,2023-12
2023-12-07,10897,10884.306371212122,12.69362878787797,2023-12
2023-12-06,10832,10837.691496212125,-5.691496212124548,2023-12
2023-12-05,10761,10782.762023809524,-21.76202380952418,2023-12
2023-12-04,10635,10638.172083333333,-3.172083333332921,2023-12
2023-12-03,10579,10595.823999999999,-16.823999999998705,2023-12
2023-11-30,10536,10532.190833333332,3.8091666666678066,2023-11
2023-11-29,10398,10395.434166666666,2.5658333333340124,2023-11
2023-11-28,10223,10189.766666666666,33.233333333333576,2023-11
2023-11-27,10123,10091.416666666666,31.58333333333394,2023-11
2023-11-26,9845,9848.455,-3.4549999999999272,2023-11
2023-11-23,9838,9842.27,-4.270000000000437,2023-11
2023-11-21,9804,9832.775,-28.774999999999636,2023-11
2023-11-20,9638,9663.312166666668,-25.312166666668418,2023-11
2023-11-19,9573,9609.881,-36.8809999999994,2023-11
2023-11-16,9762,9745.508,16.49200000000019,2023-11
2023-11-15,9762,9736.655,25.344999999999345,2023-11
2023-11-14,9665,9664.590674603174,0.4093253968258068,2023-11
2023-11-13,9510,9498.33,11.670000000000073,2023-11
2023-11-12,9477,9473.71,3.290000000000873,2023-11
2023-11-08,9634,9641.686333333335,-7.686333333334915,2023-11
2023-11-07,9483,9495.165,-12.165000000000873,2023-11
2023-11-06,9286,9316.955,-30.954999999999927,2023-11
2023-11-05,9273,9289.59,-16.590000000000146,2023-11
2023-11-02,9442,9438.43,3.569999999999709,2023-11
2023-11-01,9250,9276.77,-26.770000000000437,2023-11
2023-10-31,9072,9033.1325,38.86750000000029,2023-10
2023-10-30,9026,8998.0675,27.9325000000008,2023-10
2023-10-29,8925,8927.913833333332,-2.9138333333321498,2023-10
2023-10-26,9235,9150.135,84.86499999999978,2023-10
2023-10-25,9351,9330.275,20.725000000000364,2023-10
2023-10-24,9396,9358.27,37.72999999999956,2023-10
2023-10-23,9436,9437.12,-1.1200000000008004,2023-10
2023-10-22,9506,9475.69,30.30999999999949,2023-10
2023-10-19,10319,10267.945,51.05500000000029,2023-10
2023-10-18,10511,10470.065,40.93499999999949,2023-10
2023-10-17,10630,10592.051083333334,37.948916666666264,2023-10
2023-10-16,10629,10606.943583333334,22.056416666666337,2023-10
2023-10-15,10571,10546.405,24.594999999999345,2023-10
2023-10-12,10992,10955.656624999998,36.3433750000022,2023-10
2023-10-11,10960,10936.039121212121,23.960878787878755,2023-10
2023-10-10,10910,10893.685625,16.314374999999927,2023-10
2023-10-09,10815,10814.87254166667,0.12745833333065093,2023-10
2023-10-05,11130,11067.729041666667,62.2709583333326,2023-10
2023-10-04,10963,10945.790583333333,17.209416666666584,2023-10
2023-10-03,10818,10827.405702380953,-9.405702380952789,2023-10
2023-10-02,10724,10746.60249404762,-22.602494047619984,2023-10
2023-10-01,10598,10588.899833333335,9.100166666665245,2023-10
2023-09-28,10984,10948.658416666665,35.34158333333471,2023-09
2023-09-27,11017,11031.129833333334,-14.129833333334318,2023-09
2023-09-26,10978,11007.576166666668,-29.576166666667632,2023-09
2023-09-25,10842,10837.053579545454,4.94642045454566,2023-09
2023-09-24,10744,10782.833077380952,-38.83307738095209,2023-09
2023-09-21,11067,11067.826904761903,-0.826904761903279,2023-09
2023-09-20,11064,11077.784130952381,-13.78413095238102,2023-09
2023-09-19,11095,11069.280690476191,25.719309523808988,2023-09
2023-09-18,10892,10951.737482142858,-59.737482142858426,2023-09
2023-09-17,10799,10818.00732738095,-19.0073273809503,2023-09
2023-09-14,10837,10860.315781926405,-23.31578192640518,2023-09
2023-09-13,10678,10718.156750000002,-40.15675000000192,2023-09
2023-09-12,10649,10681.53425,-32.53425000000061,2023-09
2023-09-11,10492,10519.631666666668,-27.631666666668025,2023-09
2023-09-10,10282,10316.84,-34.840000000000146,2023-09
2023-09-07,10419,10425.56,-6.559999999999491,2023-09
2023-09-06,10356,10360.935,-4.934999999999491,2023-09
2023-09-05,10142,10184.613333333335,-42.613333333334594,2023-09
2023-09-04,9988,10034.16,-46.159999999999854,2023-09
2023-08-31,10140,10145.803333333333,-5.803333333333285,2023-08
2023-08-30,10280,10334.03,-54.030000000000655,2023-08
2023-08-29,10180,10165.175,14.825000000000728,2023-08
2023-08-28,10012,10046.715,-34.715000000000146,2023-08
2023-08-27,9873,9922.74,-49.73999999999978,2023-08
2023-08-24,10026,10042.105,-16.104999999999563,2023-08
2023-08-23,10071,10053.36,17.639999999999418,2023-08
2023-08-22,9921,9916.27,4.729999999999563,2023-08
2023-08-21,9668,9671.412317460316,-3.412317460315535,2023-08
2023-08-20,9483,9491.255,-8.2549999999992,2023-08
2023-08-17,9694,9703.165,-9.165000000000873,2023-08
2023-08-16,9634,9648.404666666667,-14.404666666667254,2023-08
2023-08-10,8914,8917.525474358974,-3.525474358973952,2023-08
2023-08-09,8888,8870.940227272727,17.059772727272502,2023-08
2023-08-08,8725,8747.146382992009,-22.146382992008512,2023-08
2023-08-07,8493,8538.663077380954,-45.66307738095384,2023-08
2023-08-06,8298,8289.746583333332,8.253416666668272,2023-08
2023-08-03,8294,8270.269869047619,23.730130952380932,2023-08
2023-08-02,8261,8248.479916666665,12.520083333334696,2023-08
2023-08-01,8103,8080.7600107637445,22.239989236255497,2023-08
2023-07-31,7800,7847.174510785268,-47.17451078526756,2023-07
2023-07-30,7671,7658.692434375265,12.307565624734707,2023-07
2023-07-27,7754,7776.665972291599,-22.665972291599246,2023-07
2023-07-26,7647,7632.538769782913,14.461230217087177,2023-07
2023-07-25,7510,7534.145974314573,-24.145974314573323,2023-07
2023-07-24,7220,7253.931948902896,-33.93194890289578,2023-07
2023-07-23,7052,7066.734166666666,-14.73416666666617,2023-07
2023-07-20,7116,7079.494231442576,36.505768557423835,2023-07
2023-07-19,7001,7010.3780673076935,-9.378067307693527,2023-07
2023-07-18,6874,6914.315442307693,-40.31544230769305,2023-07
2023-07-17,6632,6659.942318903317,-27.942318903316846,2023-07
2023-07-16,6468,6484.783779761905,-16.783779761904952,2023-07
2023-07-13,6604,6612.5784081890315,-8.578408189031506,2023-07
2023-07-12,6521,6507.101202380954,13.898797619045581,2023-07
2023-07-11,6498,6493.346595238097,4.653404761903403,2023-07
2023-07-10,6346,6352.461897435898,-6.461897435898209,2023-07
2023-07-09,6214,6224.6559197885435,-10.655919788543542,2023-07
2023-07-06,6239,6225.800812645687,13.199187354312926,2023-07
2023-07-05,6193,6199.543751443003,-6.543751443003202,2023-07
2023-07-04,6127,6152.658800505052,-25.65880050505166,2023-07
2023-07-02,5903,5921.251436632811,-18.25143663281142,2023-07
2023-06-29,6058,6044.219838356087,13.780161643912834,2023-06
2023-06-28,5999,5982.508712500932,16.491287499067766,2023-06
2023-06-27,5917,5925.037210641141,-8.037210641141428,2023-06
2023-06-26,5819,5815.390643162392,3.609356837608175,2023-06
2023-06-25,5766,5779.999325258074,-13.99932525807435,2023-06
2023-06-22,5956,5953.68908763009,2.3109123699096017,2023-06
2023-06-21,5922,5937.042439983161,-15.042439983160875,2023-06
2023-06-20,5904,5853.625212301588,50.37478769841164,2023-06
2023-06-19,5679,5708.478650793651,-29.47865079365056,2023-06
2023-06-15,6038,5995.886209368531,42.11379063146887,2023-06
2023-06-14,6065,6048.202676907118,16.797323092881925,2023-06
2023-06-13,6061,6040.598368243559,20.40163175644102,2023-06
2023-06-12,6021,6011.470444296999,9.529555703001279,2023-06
2023-06-11,6007,6006.382065170653,0.6179348293471776,2023-06
2023-06-08,6446,6428.822996031749,17.177003968250574,2023-06
2023-06-07,6483,6474.8699642857155,8.130035714284531,2023-06
2023-06-06,6508,6495.230291666668,12.769708333332346,2023-06
2023-06-05,6523,6510.7479464285725,12.252053571427496,2023-06
2023-06-04,6555,6539.461875,15.538125000000036,2023-06
2023-06-01,7002,6951.094358974358,50.90564102564167,2023-06
2023-05-31,7053,7035.661422619048,17.3385773809523,2023-05
2023-05-30,7046,7024.846470238096,21.153529761903883,2023-05
2023-05-29,6996,6948.80423992674,47.19576007326032,2023-05
2023-05-25,7546,7461.036487301587,84.96351269841307,2023-05
2023-05-24,7709,7672.418002980354,36.581997019646224,2023-05
2023-05-23,7788,7746.903127342686,41.096872657313725,2023-05
2023-05-22,7848,7831.401114764621,16.598885235379385,2023-05
2023-05-21,7826,7793.131735737549,32.86826426245079,2023-05
2023-05-18,8474,8421.38794047619,52.612059523809876,2023-05
2023-05-17,8569,8536.734999999999,32.26500000000124,2023-05
2023-05-16,8572,8574.330986111112,-2.330986111111997,2023-05
2023-05-15,8571,8573.99665277778,-2.9966527777796728,2023-05
2023-05-14,8445,8433.260833333334,11.739166666666279,2023-05
2023-05-11,8672,8682.065969696969,-10.06596969696875,2023-05
2023-05-10,8681,8654.394025252526,26.605974747473738,2023-05
2023-05-09,8606,8606.892042582416,-0.8920425824162521,2023-05
2023-05-08,8590,8586.869393315019,3.130606684981103,2023-05
2023-05-07,8485,8499.940601190476,-14.940601190475718,2023-05
2023-05-04,8790,8751.682017316018,38.317982683982336,2023-05
2023-05-03,8704,8705.784605685982,-1.78460568598166,2023-05
2023-05-02,8654,8655.717606601735,-1.7176066017345875,2023-05
2023-05-01,8492,8521.860023809526,-29.860023809525956,2023-05
2023-04-30,8352,8339.279189754689,12.72081024531144,2023-04
2023-04-27,8159,8169.750471179146,-10.750471179146189,2023-04
2023-04-26,8117,8140.028662387449,-23.028662387449003,2023-04
2023-04-25,8017,7997.534878676062,19.465121323937637,2023-04
2023-04-24,7796,7824.8723639876225,-28.87236398762252,2023-04
2023-04-23,7534,7571.592373325493,-37.5923733254931,2023-04
2023-04-20,7490,7491.395373612501,-1.3953736125013165,2023-04
2023-04-19,7356,7378.7147805180975,-22.71478051809754,2023-04
2023-04-18,7376,7367.280511037578,8.719488962421565,2023-04
2023-04-17,7344,7353.3059080017265,-9.305908001726493,2023-04
2023-04-16,7380,7375.14034076341,4.8596592365902325,2023-04
2023-04-13,7795,7796.947476028357,-1.9474760283574142,2023-04
2023-04-12,7876,7872.978946857085,3.0210531429147522,2023-04
2023-04-11,7922,7906.579362634017,15.420637365982657,2023-04
2023-04-10,7826,7821.0855924813495,4.914407518650478,2023-04
2023-04-09,7900,7898.367646404983,1.6323535950168662,2023-04
2023-04-06,8178,8178.266195189786,-0.2661951897862309,2023-04
2023-04-05,8175,8167.265417412008,7.7345825879920085,2023-04
2023-04-04,8068,8056.95926045482,11.040739545180259,2023-04
2023-04-03,8054,8035.730889367576,18.26911063242369,2023-04
2023-04-02,7981,7981.61136190579,-0.6113619057896358,2023-04
2023-03-30,8158,8150.724653162371,7.275346837628604,2023-03
2023-03-29,8208,8186.722154924496,21.277845075504047,2023-03
2023-03-28,8079,8057.051914179773,21.94808582022688,2023-03
2023-03-27,7994,7996.985850380011,-2.985850380010561,2023-03
2023-03-26,7847,7871.199276685215,-24.19927668521541,2023-03
2023-03-23,8102,8111.219745806479,-9.219745806479295,2023-03
2023-03-22,8097,8114.468193731103,-17.468193731103383,2023-03
2023-03-21,8050,8043.192946106179,6.807053893820921,2023-03
2023-03-20,7931,7948.522456652544,-17.52245665254395,2023-03
2023-03-19,7885,7908.265233185243,-23.265233185243233,2023-03
2023-03-16,7989,7967.351659935372,21.648340064628428,2023-03
2023-03-15,7915,7909.462673596335,5.537326403665247,2023-03
2023-03-14,7810,7833.387987414974,-23.387987414974305,2023-03
2023-03-13,7567,7580.112093667717,-13.11209366771709,2023-03
2023-03-09,7786,7805.18181314736,-19.181813147360117,2023-03
2023-03-08,7885,7886.0674382112165,-1.0674382112165404,2023-03
2023-03-07,7859,7858.004508204412,0.9954917955883502,2023-03
2023-03-02,7870,7880.10459854823,-10.10459854822966,2023-03
2023-03-01,7930,7901.487776406796,28.512223593204,2023-03
2023-02-28,7896,7894.69790003156,1.302099968440416,2023-02
2023-02-27,7800,7799.692648647407,0.3073513525932867,2023-02
2023-02-26,7609,7614.013693095712,-5.0136930957123695,2023-02
2023-02-23,7914,7877.333438616749,36.666561383251064,2023-02
2023-02-22,7978,7965.007296176992,12.992703823008014,2023-02
2023-02-21,7967,7960.512196183846,6.487803816154155,2023-02
2023-02-20,7817,7831.677275325465,-14.677275325465416,2023-02
2023-02-16,7793,7811.143768832774,-18.143768832774185,2023-02
2023-02-15,7869,7851.827843154889,17.172156845111203,2023-02
2023-02-14,7794,7795.9914378165695,-1.991437816569487,2023-02
2023-02-13,7483,7496.352377691751,-13.352377691750917,2023-02
2023-02-12,7434,7435.464585615776,-1.4645856157758317,2023-02
2023-02-09,7908,7901.299093555052,6.700906444947577,2023-02
2023-02-08,7915,7904.769100827472,10.230899172527643,2023-02
2023-02-07,7855,7836.930194139194,18.0698058608059,2023-02
2023-02-06,7720,7680.429943722943,39.57005627705712,2023-02
2023-02-05,7586,7568.656226717726,17.343773282274014,2023-02
2023-02-02,7879,7836.781775474525,42.21822452547531,2023-02
2023-02-01,7903,7861.810442515818,41.18955748418193,2023-02
2023-01-31,7803,7766.607598711231,36.39240128876918,2023-01
2023-01-30,7743,7726.784221861471,16.21577813852855,2023-01
2023-01-29,7472,7462.821455194806,9.178544805194178,2023-01
2023-01-25,7538,7499.098793650794,38.901206349206404,2023-01
2023-01-24,7433,7396.069331547619,36.930668452380814,2023-01
2023-01-23,7280,7228.975097222225,51.024902777775424,2023-01
2023-01-22,7122,7099.069291666667,22.930708333333314,2023-01
2023-01-12,6566,6631.8976785714285,-65.89767857142851,2023-01
